-- phpMyAdmin SQL Dump
-- version 5.1.0
-- https://www.phpmyadmin.net/
--
-- 主机： localhost
-- 生成日期： 2021-10-16 01:07:20
-- 服务器版本： 5.6.50-log
-- PHP 版本： 7.1.33

SET SQL_MODE = "NO_AUTO_VALUE_ON_ZERO";
START TRANSACTION;
SET time_zone = "+00:00";


/*!40101 SET @OLD_CHARACTER_SET_CLIENT=@@CHARACTER_SET_CLIENT */;
/*!40101 SET @OLD_CHARACTER_SET_RESULTS=@@CHARACTER_SET_RESULTS */;
/*!40101 SET @OLD_COLLATION_CONNECTION=@@COLLATION_CONNECTION */;
/*!40101 SET NAMES utf8mb4 */;

--
-- 数据库： `accountme`
--

-- --------------------------------------------------------

--
-- 表的结构 `employee_info`
--

CREATE TABLE `employee_info` (
  `employee_ID` varchar(50) NOT NULL,
  `state` varchar(50) NOT NULL,
  `name` varchar(50) NOT NULL,
  `employee_type` varchar(50) NOT NULL,
  `mailing_address` varchar(50) NOT NULL,
  `social_security_number` varchar(50) NOT NULL,
  `standard_tax_deductions` float NOT NULL,
  `401k_deduction` float NOT NULL,
  `medical_deduction` float NOT NULL,
  `phone_number` varchar(50) NOT NULL,
  `hourly_rate` float NOT NULL,
  `salary` float NOT NULL,
  `commission_rate` float NOT NULL,
  `hour_limit` float NOT NULL,
  `payment_method` varchar(50) NOT NULL,
  `paying_address` varchar(50) NOT NULL,
  `bank_name` varchar(50) NOT NULL,
  `account_number` varchar(50) NOT NULL,
  `card_submit` varchar(50) NOT NULL
) ENGINE=InnoDB DEFAULT CHARSET=utf8;

--
-- 转存表中的数据 `employee_info`
--

INSERT INTO `employee_info` (`employee_ID`, `state`, `name`, `employee_type`, `mailing_address`, `social_security_number`, `standard_tax_deductions`, `401k_deduction`, `medical_deduction`, `phone_number`, `hourly_rate`, `salary`, `commission_rate`, `hour_limit`, `payment_method`, `paying_address`, `bank_name`, `account_number`, `card_submit`) VALUES
('000000', '0', '张一川[PA]', 'PA', '0', '0', 0, 0, 0, '0', 0, 0, 0, 0, '0', '0', '0', '0', 'no'),
('000001', 'active', '张一川', 'commissioned', '北苑一公寓', '21180210', 0.1, 0.03, 0.05, '13600000000', 0, 8000, 0.25, 12, 'direct_deposit', '我改一下邮寄地址试试', '天津银行', '250-250-250250', 'yes'),
('000002', 'active', '陈天然', 'commissioned', '北苑一公寓', '21180729', 0.1, 0.03, 0.05, '13800000000', 0, 18888, 0.3, 12, 'pick_up', '南苑一公寓', '吉林银行', 'chentr2118', 'yes'),
('000003', 'active', '向福熊', 'hour', '北苑一公寓', '21180131', 0.1, 0.03, 0.05, '13100000000', 500, 0, 0, 12, 'pick_up', '北苑一公寓1057', '四川银行', '666-111-88888888', 'yes'),
('000004', 'active', '罗贝林', 'salaried', '北苑一公寓', '21180326', 0.1, 0.03, 0.05, '18200000000', 0, 38000, 0, 14, 'pick_up', '北苑一公寓1057', '招商银行', '333-333-88888888', 'no'),
('000005', 'active', '张三', 'hour', '逸夫楼', '21180005', 0.1, 0.03, 0.05, '12200000000', 100, 10000, 0.25, 8, 'pick_up', '北苑一公寓1057', 'unknown_bank', 'unknown_account', 'no'),
('000006', 'active', '李四', 'hour', '湖畔餐厅', '21180006', 0.1, 0.03, 0.05, '12100000000', 100, 10000, 0.25, 8, 'pick_up', '北苑一公寓1057', 'test_bank', 'test_account', 'no'),
('000007', 'active', '王五', 'hour', '四餐厅', '21180007', 0.1, 0.03, 0.05, '11900000000', 100, 10000, 0.25, 8, 'pick_up', 'test', 'unknown_bank', 'unknown_account', 'no'),
('000008', 'active', '赵六', 'hour', '莘子园', '21180008', 0.1, 0.03, 0.05, '11500000000', 100, 10000, 0.25, 8, 'pick_up', 'test', 'unknown_bank', 'unknown_account', 'no'),
('000009', '0', '陈天然[PA]', 'PA', '0', '0', 0, 0, 0, '0', 0, 0, 0, 0, '0', '0', '0', '0', 'no'),
('000010', 'active', '翠花', 'salaried', '汉堡王', '21181000', 0.1, 0.03, 0.05, '16600000000', 90, 8000, 0.25, 0.5, 'pick_up', '0', 'unknown_bank', 'unknown_account', 'no'),
('000011', 'active', '文西', 'hour', '豆豆汉堡', '21180000', 0.1, 0.03, 0.05, '13900000000', 90, 90, 0.1, 0.9, 'pick_up', '0', 'unknown_bank', 'unknown_account', 'no'),
('000012', 'active', 'test_user_hour_0000', 'hour', '测试用邮寄地址', 'hour0000', 0.05, 0.05, 0.03, 'phone0000', 100, 1000, 0.15, 12, 'pick_up', '测试用邮寄地址', 'unknown_bank', 'unknown_account', 'no'),
('000013', 'active', 'test_user_hour_0001', 'hour', '测试用邮寄地址', 'hour0001', 0.05, 0.05, 0.03, 'phone0001', 100, 1000, 0.15, 12, 'pick_up', '测试用邮寄地址', 'unknown_bank', 'unknown_account', 'no'),
('000014', 'active', 'test_user_hour_0002', 'hour', '测试用邮寄地址', 'hour0002', 0.05, 0.05, 0.03, 'phone0002', 100, 1000, 0.15, 12, 'pick_up', '测试用邮寄地址', 'unknown_bank', 'unknown_account', 'no'),
('000015', 'active', 'test_user_hour_0003', 'hour', '测试用邮寄地址', 'hour0003', 0.05, 0.05, 0.03, 'phone0003', 100, 1000, 0.15, 12, 'pick_up', '测试用邮寄地址', 'unknown_bank', 'unknown_account', 'no'),
('000016', 'active', 'test_user_hour_0004', 'hour', '测试用邮寄地址', 'hour0004', 0.05, 0.05, 0.03, 'phone0004', 100, 1000, 0.15, 12, 'pick_up', '测试用邮寄地址', 'unknown_bank', 'unknown_account', 'no'),
('000017', 'active', 'test_user_hour_0005', 'hour', '测试用邮寄地址', 'hour0005', 0.05, 0.05, 0.03, 'phone0005', 100, 1000, 0.15, 12, 'pick_up', '测试用邮寄地址', 'unknown_bank', 'unknown_account', 'no'),
('000018', 'active', 'test_user_hour_0006', 'hour', '测试用邮寄地址', 'hour0006', 0.05, 0.05, 0.03, 'phone0006', 100, 1000, 0.15, 12, 'pick_up', '测试用邮寄地址', 'unknown_bank', 'unknown_account', 'no'),
('000019', 'active', 'test_user_hour_0007', 'hour', '测试用邮寄地址', 'hour0007', 0.05, 0.05, 0.03, 'phone0007', 100, 1000, 0.15, 12, 'pick_up', '测试用邮寄地址', 'unknown_bank', 'unknown_account', 'no'),
('000020', 'active', 'test_user_hour_0008', 'hour', '测试用邮寄地址', 'hour0008', 0.05, 0.05, 0.03, 'phone0008', 100, 1000, 0.15, 12, 'pick_up', '测试用邮寄地址', 'unknown_bank', 'unknown_account', 'no'),
('000021', 'active', 'test_user_hour_0009', 'hour', '测试用邮寄地址', 'hour0009', 0.05, 0.05, 0.03, 'phone0009', 100, 1000, 0.15, 12, 'pick_up', '测试用邮寄地址', 'unknown_bank', 'unknown_account', 'no'),
('000022', 'active', 'test_user_hour_0010', 'hour', '测试用邮寄地址', 'hour0010', 0.05, 0.05, 0.03, 'phone0010', 100, 1000, 0.15, 12, 'pick_up', '测试用邮寄地址', 'unknown_bank', 'unknown_account', 'no'),
('000023', 'active', 'test_user_hour_0011', 'hour', '测试用邮寄地址', 'hour0011', 0.05, 0.05, 0.03, 'phone0011', 100, 1000, 0.15, 12, 'pick_up', '测试用邮寄地址', 'unknown_bank', 'unknown_account', 'no'),
('000024', 'active', 'test_user_hour_0012', 'hour', '测试用邮寄地址', 'hour0012', 0.05, 0.05, 0.03, 'phone0012', 100, 1000, 0.15, 12, 'pick_up', '测试用邮寄地址', 'unknown_bank', 'unknown_account', 'no'),
('000025', 'active', 'test_user_hour_0013', 'hour', '测试用邮寄地址', 'hour0013', 0.05, 0.05, 0.03, 'phone0013', 100, 1000, 0.15, 12, 'pick_up', '测试用邮寄地址', 'unknown_bank', 'unknown_account', 'no'),
('000026', 'active', 'test_user_hour_0014', 'hour', '测试用邮寄地址', 'hour0014', 0.05, 0.05, 0.03, 'phone0014', 100, 1000, 0.15, 12, 'pick_up', '测试用邮寄地址', 'unknown_bank', 'unknown_account', 'no'),
('000027', 'active', 'test_user_hour_0015', 'hour', '测试用邮寄地址', 'hour0015', 0.05, 0.05, 0.03, 'phone0015', 100, 1000, 0.15, 12, 'pick_up', '测试用邮寄地址', 'unknown_bank', 'unknown_account', 'no'),
('000028', 'active', 'test_user_hour_0016', 'hour', '测试用邮寄地址', 'hour0016', 0.05, 0.05, 0.03, 'phone0016', 100, 1000, 0.15, 12, 'pick_up', '测试用邮寄地址', 'unknown_bank', 'unknown_account', 'no'),
('000029', 'active', 'test_user_hour_0017', 'hour', '测试用邮寄地址', 'hour0017', 0.05, 0.05, 0.03, 'phone0017', 100, 1000, 0.15, 12, 'pick_up', '测试用邮寄地址', 'unknown_bank', 'unknown_account', 'no'),
('000030', 'active', 'test_user_hour_0018', 'hour', '测试用邮寄地址', 'hour0018', 0.05, 0.05, 0.03, 'phone0018', 100, 1000, 0.15, 12, 'pick_up', '测试用邮寄地址', 'unknown_bank', 'unknown_account', 'no'),
('000031', 'active', 'test_user_hour_0019', 'hour', '测试用邮寄地址', 'hour0019', 0.05, 0.05, 0.03, 'phone0019', 100, 1000, 0.15, 12, 'pick_up', '测试用邮寄地址', 'unknown_bank', 'unknown_account', 'no'),
('000032', 'active', 'test_user_hour_0020', 'hour', '测试用邮寄地址', 'hour0020', 0.05, 0.05, 0.03, 'phone0020', 100, 1000, 0.15, 12, 'pick_up', '测试用邮寄地址', 'unknown_bank', 'unknown_account', 'no'),
('000033', 'active', 'test_user_hour_0021', 'hour', '测试用邮寄地址', 'hour0021', 0.05, 0.05, 0.03, 'phone0021', 100, 1000, 0.15, 12, 'pick_up', '测试用邮寄地址', 'unknown_bank', 'unknown_account', 'no'),
('000034', 'active', 'test_user_hour_0034', 'hour', '测试用邮寄地址', 'hour0000', 0.05, 0.05, 0.03, 'phone0000', 100, 1000, 0.15, 12, 'pick_up', '测试用邮寄地址', 'unknown_bank', 'unknown_account', 'no'),
('000035', 'active', 'test_user_hour_0035', 'hour', '测试用邮寄地址', 'hour0001', 0.05, 0.05, 0.03, 'phone0001', 100, 1000, 0.15, 12, 'pick_up', '测试用邮寄地址', 'unknown_bank', 'unknown_account', 'no'),
('000036', 'active', 'test_user_hour_0036', 'hour', '测试用邮寄地址', 'hour0002', 0.05, 0.05, 0.03, 'phone0002', 100, 1000, 0.15, 12, 'pick_up', '测试用邮寄地址', 'unknown_bank', 'unknown_account', 'no'),
('000037', 'active', 'test_user_hour_0037', 'hour', '测试用邮寄地址', 'hour0003', 0.05, 0.05, 0.03, 'phone0003', 100, 1000, 0.15, 12, 'pick_up', '测试用邮寄地址', 'unknown_bank', 'unknown_account', 'no'),
('000038', 'active', 'test_user_hour_0038', 'hour', '测试用邮寄地址', 'hour0004', 0.05, 0.05, 0.03, 'phone0004', 100, 1000, 0.15, 12, 'pick_up', '测试用邮寄地址', 'unknown_bank', 'unknown_account', 'no'),
('000039', 'active', 'test_user_hour_0039', 'hour', '测试用邮寄地址', 'hour0005', 0.05, 0.05, 0.03, 'phone0005', 100, 1000, 0.15, 12, 'pick_up', '测试用邮寄地址', 'unknown_bank', 'unknown_account', 'no'),
('000040', 'active', 'test_user_hour_0040', 'hour', '测试用邮寄地址', 'hour0006', 0.05, 0.05, 0.03, 'phone0006', 100, 1000, 0.15, 12, 'direct_deposit', '日新楼', '吉林银行', '123-123-12345678', 'yes'),
('000041', 'active', 'test_user_hour_0041', 'hour', '测试用邮寄地址', 'hour0007', 0.05, 0.05, 0.03, 'phone0007', 100, 1000, 0.15, 12, 'pick_up', '测试用邮寄地址', 'unknown_bank', 'unknown_account', 'no'),
('000042', 'active', 'test_user_hour_0042', 'hour', '测试用邮寄地址', 'hour0008', 0.05, 0.05, 0.03, 'phone0008', 100, 1000, 0.15, 12, 'pick_up', '测试用邮寄地址', 'unknown_bank', 'unknown_account', 'no'),
('000043', 'active', 'test_user_hour_0043', 'hour', '测试用邮寄地址', 'hour0009', 0.05, 0.05, 0.03, 'phone0009', 100, 1000, 0.15, 12, 'pick_up', '测试用邮寄地址', 'unknown_bank', 'unknown_account', 'no'),
('000044', 'active', 'test_user_hour_0044', 'hour', '测试用邮寄地址', 'hour0010', 0.05, 0.05, 0.03, 'phone0010', 100, 1000, 0.15, 12, 'pick_up', '测试用邮寄地址', 'unknown_bank', 'unknown_account', 'no'),
('000045', 'active', 'test_user_hour_0045', 'hour', '测试用邮寄地址', 'hour0011', 0.05, 0.05, 0.03, 'phone0011', 100, 1000, 0.15, 12, 'pick_up', '测试用邮寄地址', 'unknown_bank', 'unknown_account', 'no'),
('000046', 'active', 'test_user_hour_0046', 'hour', '测试用邮寄地址', 'hour0012', 0.05, 0.05, 0.03, 'phone0012', 100, 1000, 0.15, 12, 'pick_up', '测试用邮寄地址', 'unknown_bank', 'unknown_account', 'no'),
('000047', 'active', 'test_user_hour_0047', 'hour', '测试用邮寄地址', 'hour0013', 0.05, 0.05, 0.03, 'phone0013', 100, 1000, 0.15, 12, 'pick_up', '测试用邮寄地址', 'unknown_bank', 'unknown_account', 'no'),
('000048', 'active', 'test_user_hour_0048', 'hour', '测试用邮寄地址', 'hour0014', 0.05, 0.05, 0.03, 'phone0014', 100, 1000, 0.15, 12, 'pick_up', '测试用邮寄地址', 'unknown_bank', 'unknown_account', 'no'),
('000049', 'active', 'test_user_hour_0049', 'hour', '测试用邮寄地址', 'hour0015', 0.05, 0.05, 0.03, 'phone0015', 100, 1000, 0.15, 12, 'pick_up', '测试用邮寄地址', 'unknown_bank', 'unknown_account', 'no'),
('000050', 'active', 'test_user_hour_0050', 'hour', '测试用邮寄地址', 'hour0016', 0.05, 0.05, 0.03, 'phone0016', 100, 1000, 0.15, 12, 'pick_up', '测试用邮寄地址', 'unknown_bank', 'unknown_account', 'no'),
('000051', 'active', 'test_user_hour_0051', 'hour', '测试用邮寄地址', 'hour0017', 0.05, 0.05, 0.03, 'phone0017', 100, 1000, 0.15, 12, 'pick_up', '测试用邮寄地址', 'unknown_bank', 'unknown_account', 'no'),
('000052', 'active', 'test_user_hour_0052', 'hour', '测试用邮寄地址', 'hour0018', 0.05, 0.05, 0.03, 'phone0018', 100, 1000, 0.15, 12, 'pick_up', '测试用邮寄地址', 'unknown_bank', 'unknown_account', 'no'),
('000053', 'active', 'test_user_hour_0053', 'hour', '测试用邮寄地址', 'hour0019', 0.05, 0.05, 0.03, 'phone0019', 100, 1000, 0.15, 12, 'pick_up', '测试用邮寄地址', 'unknown_bank', 'unknown_account', 'no'),
('000054', 'active', 'test_user_hour_0054', 'hour', '测试用邮寄地址', 'hour0020', 0.05, 0.05, 0.03, 'phone0020', 100, 1000, 0.15, 12, 'pick_up', '测试用邮寄地址', 'unknown_bank', 'unknown_account', 'no'),
('000055', 'active', 'test_user_hour_0055', 'hour', '测试用邮寄地址', 'hour0021', 0.05, 0.05, 0.03, 'phone0021', 100, 1000, 0.15, 12, 'pick_up', '测试用邮寄地址', 'unknown_bank', 'unknown_account', 'no'),
('000056', 'active', 'test_user_hour_0056', 'hour', '测试用邮寄地址', 'hour0022', 0.05, 0.05, 0.03, 'phone0022', 100, 1000, 0.15, 12, 'pick_up', '测试用邮寄地址', 'unknown_bank', 'unknown_account', 'no'),
('000057', 'active', 'test_user_hour_0057', 'hour', '测试用邮寄地址', 'hour0023', 0.05, 0.05, 0.03, 'phone0023', 100, 1000, 0.15, 12, 'pick_up', '测试用邮寄地址', 'unknown_bank', 'unknown_account', 'no'),
('000058', 'active', 'test_user_hour_0058', 'hour', '测试用邮寄地址', 'hour0024', 0.05, 0.05, 0.03, 'phone0024', 100, 1000, 0.15, 12, 'pick_up', '测试用邮寄地址', 'unknown_bank', 'unknown_account', 'no'),
('000059', 'active', 'test_user_hour_0059', 'hour', '测试用邮寄地址', 'hour0025', 0.05, 0.05, 0.03, 'phone0025', 100, 1000, 0.15, 12, 'pick_up', '测试用邮寄地址', 'unknown_bank', 'unknown_account', 'no'),
('000060', 'active', 'test_user_hour_0060', 'hour', '测试用邮寄地址', 'hour0026', 0.05, 0.05, 0.03, 'phone0026', 100, 1000, 0.15, 12, 'pick_up', '测试用邮寄地址', 'unknown_bank', 'unknown_account', 'no'),
('000061', 'active', 'test_user_hour_0061', 'hour', '测试用邮寄地址', 'hour0027', 0.05, 0.05, 0.03, 'phone0027', 100, 1000, 0.15, 12, 'pick_up', '测试用邮寄地址', 'unknown_bank', 'unknown_account', 'no'),
('000062', 'active', 'test_user_hour_0062', 'hour', '测试用邮寄地址', 'hour0028', 0.05, 0.05, 0.03, 'phone0028', 100, 1000, 0.15, 12, 'pick_up', '测试用邮寄地址', 'unknown_bank', 'unknown_account', 'no'),
('000063', 'active', 'test_user_hour_0063', 'hour', '测试用邮寄地址', 'hour0029', 0.05, 0.05, 0.03, 'phone0029', 100, 1000, 0.15, 12, 'pick_up', '测试用邮寄地址', 'unknown_bank', 'unknown_account', 'no'),
('000064', 'active', 'test_user_hour_0064', 'hour', '测试用邮寄地址', 'hour0030', 0.05, 0.05, 0.03, 'phone0030', 100, 1000, 0.15, 12, 'pick_up', '测试用邮寄地址', 'unknown_bank', 'unknown_account', 'no'),
('000065', 'active', 'test_user_hour_0065', 'hour', '测试用邮寄地址', 'hour0031', 0.05, 0.05, 0.03, 'phone0031', 100, 1000, 0.15, 12, 'pick_up', '测试用邮寄地址', 'unknown_bank', 'unknown_account', 'no'),
('000066', 'active', 'test_user_hour_0066', 'hour', '测试用邮寄地址', 'hour0032', 0.05, 0.05, 0.03, 'phone0032', 100, 1000, 0.15, 12, 'pick_up', '测试用邮寄地址', 'unknown_bank', 'unknown_account', 'no'),
('000067', 'active', 'test_user_hour_0067', 'hour', '测试用邮寄地址', 'hour0033', 0.05, 0.05, 0.03, 'phone0033', 100, 1000, 0.15, 12, 'pick_up', '测试用邮寄地址', 'unknown_bank', 'unknown_account', 'no'),
('000068', 'active', 'test_user_hour_0068', 'hour', '测试用邮寄地址', 'hour0034', 0.05, 0.05, 0.03, 'phone0034', 100, 1000, 0.15, 12, 'pick_up', '测试用邮寄地址', 'unknown_bank', 'unknown_account', 'no'),
('000069', 'active', 'test_user_hour_0069', 'hour', '测试用邮寄地址', 'hour0035', 0.05, 0.05, 0.03, 'phone0035', 100, 1000, 0.15, 12, 'pick_up', '测试用邮寄地址', 'unknown_bank', 'unknown_account', 'no'),
('000070', 'active', 'test_user_hour_0070', 'hour', '测试用邮寄地址', 'hour0036', 0.05, 0.05, 0.03, 'phone0036', 100, 1000, 0.15, 12, 'pick_up', '测试用邮寄地址', 'unknown_bank', 'unknown_account', 'no'),
('000071', 'active', 'test_user_hour_0071', 'hour', '测试用邮寄地址', 'hour0037', 0.05, 0.05, 0.03, 'phone0037', 100, 1000, 0.15, 12, 'pick_up', '测试用邮寄地址', 'unknown_bank', 'unknown_account', 'no'),
('000072', 'active', 'test_user_hour_0072', 'hour', '测试用邮寄地址', 'hour0038', 0.05, 0.05, 0.03, 'phone0038', 100, 1000, 0.15, 12, 'pick_up', '测试用邮寄地址', 'unknown_bank', 'unknown_account', 'no'),
('000073', 'active', 'test_user_hour_0073', 'hour', '测试用邮寄地址', 'hour0039', 0.05, 0.05, 0.03, 'phone0039', 100, 1000, 0.15, 12, 'pick_up', '测试用邮寄地址', 'unknown_bank', 'unknown_account', 'no'),
('000074', 'active', 'test_user_hour_0074', 'hour', '测试用邮寄地址', 'hour0040', 0.05, 0.05, 0.03, 'phone0040', 100, 1000, 0.15, 12, 'pick_up', '测试用邮寄地址', 'unknown_bank', 'unknown_account', 'no'),
('000075', 'active', 'test_user_hour_0075', 'hour', '测试用邮寄地址', 'hour0041', 0.05, 0.05, 0.03, 'phone0041', 100, 1000, 0.15, 12, 'pick_up', '测试用邮寄地址', 'unknown_bank', 'unknown_account', 'no'),
('000076', 'active', 'test_user_hour_0076', 'hour', '测试用邮寄地址', 'hour0042', 0.05, 0.05, 0.03, 'phone0042', 100, 1000, 0.15, 12, 'pick_up', '测试用邮寄地址', 'unknown_bank', 'unknown_account', 'no'),
('000077', 'active', 'test_user_hour_0077', 'hour', '测试用邮寄地址', 'hour0043', 0.05, 0.05, 0.03, 'phone0043', 100, 1000, 0.15, 12, 'pick_up', '测试用邮寄地址', 'unknown_bank', 'unknown_account', 'no'),
('000078', 'active', 'test_user_hour_0078', 'hour', '测试用邮寄地址', 'hour0044', 0.05, 0.05, 0.03, 'phone0044', 100, 1000, 0.15, 12, 'pick_up', '测试用邮寄地址', 'unknown_bank', 'unknown_account', 'no'),
('000079', 'active', 'test_user_hour_0079', 'hour', '测试用邮寄地址', 'hour0045', 0.05, 0.05, 0.03, 'phone0045', 100, 1000, 0.15, 12, 'pick_up', '测试用邮寄地址', 'unknown_bank', 'unknown_account', 'no'),
('000080', 'active', 'test_user_hour_0080', 'hour', '测试用邮寄地址', 'hour0046', 0.05, 0.05, 0.03, 'phone0046', 100, 1000, 0.15, 12, 'pick_up', '测试用邮寄地址', 'unknown_bank', 'unknown_account', 'no'),
('000081', 'active', 'test_user_hour_0081', 'hour', '测试用邮寄地址', 'hour0047', 0.05, 0.05, 0.03, 'phone0047', 100, 1000, 0.15, 12, 'pick_up', '测试用邮寄地址', 'unknown_bank', 'unknown_account', 'no'),
('000082', 'active', 'test_user_hour_0082', 'hour', '测试用邮寄地址', 'hour0048', 0.05, 0.05, 0.03, 'phone0048', 100, 1000, 0.15, 12, 'pick_up', '测试用邮寄地址', 'unknown_bank', 'unknown_account', 'no'),
('000083', 'active', 'test_user_hour_0083', 'hour', '测试用邮寄地址', 'hour0049', 0.05, 0.05, 0.03, 'phone0049', 100, 1000, 0.15, 12, 'pick_up', '测试用邮寄地址', 'unknown_bank', 'unknown_account', 'no'),
('000084', 'active', 'test_user_hour_0084', 'hour', '测试用邮寄地址', 'hour0050', 0.05, 0.05, 0.03, 'phone0050', 100, 1000, 0.15, 12, 'pick_up', '测试用邮寄地址', 'unknown_bank', 'unknown_account', 'no'),
('000085', 'active', 'test_user_hour_0085', 'hour', '测试用邮寄地址', 'hour0051', 0.05, 0.05, 0.03, 'phone0051', 100, 1000, 0.15, 12, 'pick_up', '测试用邮寄地址', 'unknown_bank', 'unknown_account', 'no'),
('000086', 'active', 'test_user_hour_0086', 'hour', '测试用邮寄地址', 'hour0052', 0.05, 0.05, 0.03, 'phone0052', 100, 1000, 0.15, 12, 'pick_up', '测试用邮寄地址', 'unknown_bank', 'unknown_account', 'no'),
('000087', 'active', 'test_user_hour_0087', 'hour', '测试用邮寄地址', 'hour0053', 0.05, 0.05, 0.03, 'phone0053', 100, 1000, 0.15, 12, 'pick_up', '测试用邮寄地址', 'unknown_bank', 'unknown_account', 'no'),
('000088', 'active', 'test_user_hour_0088', 'hour', '测试用邮寄地址', 'hour0054', 0.05, 0.05, 0.03, 'phone0054', 100, 1000, 0.15, 12, 'pick_up', '测试用邮寄地址', 'unknown_bank', 'unknown_account', 'no'),
('000089', 'active', 'test_user_hour_0089', 'hour', '测试用邮寄地址', 'hour0055', 0.05, 0.05, 0.03, 'phone0055', 100, 1000, 0.15, 12, 'pick_up', '测试用邮寄地址', 'unknown_bank', 'unknown_account', 'no'),
('000090', 'active', 'test_user_hour_0090', 'hour', '测试用邮寄地址', 'hour0056', 0.05, 0.05, 0.03, 'phone0056', 100, 1000, 0.15, 12, 'pick_up', '测试用邮寄地址', 'unknown_bank', 'unknown_account', 'no'),
('000091', 'active', 'test_user_hour_0091', 'hour', '测试用邮寄地址', 'hour0057', 0.05, 0.05, 0.03, 'phone0057', 100, 1000, 0.15, 12, 'pick_up', '测试用邮寄地址', 'unknown_bank', 'unknown_account', 'no'),
('000092', 'active', 'test_user_hour_0092', 'hour', '测试用邮寄地址', 'hour0058', 0.05, 0.05, 0.03, 'phone0058', 100, 1000, 0.15, 12, 'pick_up', '测试用邮寄地址', 'unknown_bank', 'unknown_account', 'no'),
('000093', 'active', 'test_user_hour_0093', 'hour', '测试用邮寄地址', 'hour0059', 0.05, 0.05, 0.03, 'phone0059', 100, 1000, 0.15, 12, 'pick_up', '测试用邮寄地址', 'unknown_bank', 'unknown_account', 'no'),
('000094', 'active', 'test_user_hour_0094', 'hour', '测试用邮寄地址', 'hour0060', 0.05, 0.05, 0.03, 'phone0060', 100, 1000, 0.15, 12, 'pick_up', '测试用邮寄地址', 'unknown_bank', 'unknown_account', 'no'),
('000095', 'active', 'test_user_hour_0095', 'hour', '测试用邮寄地址', 'hour0061', 0.05, 0.05, 0.03, 'phone0061', 100, 1000, 0.15, 12, 'pick_up', '测试用邮寄地址', 'unknown_bank', 'unknown_account', 'no'),
('000096', 'active', 'test_user_hour_0096', 'hour', '测试用邮寄地址', 'hour0062', 0.05, 0.05, 0.03, 'phone0062', 100, 1000, 0.15, 12, 'pick_up', '测试用邮寄地址', 'unknown_bank', 'unknown_account', 'no'),
('000097', 'active', 'test_user_hour_0097', 'hour', '测试用邮寄地址', 'hour0063', 0.05, 0.05, 0.03, 'phone0063', 100, 1000, 0.15, 12, 'pick_up', '测试用邮寄地址', 'unknown_bank', 'unknown_account', 'no'),
('000098', 'active', 'test_user_hour_0098', 'hour', '测试用邮寄地址', 'hour0064', 0.05, 0.05, 0.03, 'phone0064', 100, 1000, 0.15, 12, 'pick_up', '测试用邮寄地址', 'unknown_bank', 'unknown_account', 'no'),
('000099', 'active', 'test_user_hour_0099', 'hour', '测试用邮寄地址', 'hour0065', 0.05, 0.05, 0.03, 'phone0065', 100, 1000, 0.15, 12, 'pick_up', '测试用邮寄地址', 'unknown_bank', 'unknown_account', 'no'),
('000100', 'active', 'test_user_hour_0100', 'hour', '测试用邮寄地址', 'hour0066', 0.05, 0.05, 0.03, 'phone0066', 100, 1000, 0.15, 12, 'pick_up', '测试用邮寄地址', 'unknown_bank', 'unknown_account', 'no'),
('000101', 'active', 'test_user_hour_0101', 'hour', '测试用邮寄地址', 'hour0067', 0.05, 0.05, 0.03, 'phone0067', 100, 1000, 0.15, 12, 'pick_up', '测试用邮寄地址', 'unknown_bank', 'unknown_account', 'no'),
('000102', 'active', 'test_user_hour_0102', 'hour', '测试用邮寄地址', 'hour0068', 0.05, 0.05, 0.03, 'phone0068', 100, 1000, 0.15, 12, 'pick_up', '测试用邮寄地址', 'unknown_bank', 'unknown_account', 'no'),
('000103', 'active', 'test_user_hour_0103', 'hour', '测试用邮寄地址', 'hour0069', 0.05, 0.05, 0.03, 'phone0069', 100, 1000, 0.15, 12, 'pick_up', '测试用邮寄地址', 'unknown_bank', 'unknown_account', 'no'),
('000104', 'active', 'test_user_hour_0104', 'hour', '测试用邮寄地址', 'hour0070', 0.05, 0.05, 0.03, 'phone0070', 100, 1000, 0.15, 12, 'pick_up', '测试用邮寄地址', 'unknown_bank', 'unknown_account', 'no'),
('000105', 'active', 'test_user_hour_0105', 'hour', '测试用邮寄地址', 'hour0071', 0.05, 0.05, 0.03, 'phone0071', 100, 1000, 0.15, 12, 'pick_up', '测试用邮寄地址', 'unknown_bank', 'unknown_account', 'no'),
('000106', 'active', 'test_user_hour_0106', 'hour', '测试用邮寄地址', 'hour0072', 0.05, 0.05, 0.03, 'phone0072', 100, 1000, 0.15, 12, 'pick_up', '测试用邮寄地址', 'unknown_bank', 'unknown_account', 'no'),
('000107', 'active', 'test_user_hour_0107', 'hour', '测试用邮寄地址', 'hour0073', 0.05, 0.05, 0.03, 'phone0073', 100, 1000, 0.15, 12, 'pick_up', '测试用邮寄地址', 'unknown_bank', 'unknown_account', 'no'),
('000108', 'active', 'test_user_hour_0108', 'hour', '测试用邮寄地址', 'hour0074', 0.05, 0.05, 0.03, 'phone0074', 100, 1000, 0.15, 12, 'pick_up', '测试用邮寄地址', 'unknown_bank', 'unknown_account', 'no'),
('000109', 'active', 'test_user_hour_0109', 'hour', '测试用邮寄地址', 'hour0075', 0.05, 0.05, 0.03, 'phone0075', 100, 1000, 0.15, 12, 'pick_up', '测试用邮寄地址', 'unknown_bank', 'unknown_account', 'no'),
('000110', 'active', 'test_user_hour_0110', 'hour', '测试用邮寄地址', 'hour0076', 0.05, 0.05, 0.03, 'phone0076', 100, 1000, 0.15, 12, 'pick_up', '测试用邮寄地址', 'unknown_bank', 'unknown_account', 'no'),
('000111', 'active', 'test_user_hour_0111', 'hour', '测试用邮寄地址', 'hour0077', 0.05, 0.05, 0.03, 'phone0077', 100, 1000, 0.15, 12, 'pick_up', '测试用邮寄地址', 'unknown_bank', 'unknown_account', 'no'),
('000112', 'active', 'test_user_hour_0112', 'hour', '测试用邮寄地址', 'hour0078', 0.05, 0.05, 0.03, 'phone0078', 100, 1000, 0.15, 12, 'pick_up', '测试用邮寄地址', 'unknown_bank', 'unknown_account', 'no'),
('000113', 'active', 'test_user_hour_0113', 'hour', '测试用邮寄地址', 'hour0079', 0.05, 0.05, 0.03, 'phone0079', 100, 1000, 0.15, 12, 'pick_up', '测试用邮寄地址', 'unknown_bank', 'unknown_account', 'no'),
('000114', 'active', 'test_user_hour_0114', 'hour', '测试用邮寄地址', 'hour0080', 0.05, 0.05, 0.03, 'phone0080', 100, 1000, 0.15, 12, 'pick_up', '测试用邮寄地址', 'unknown_bank', 'unknown_account', 'no'),
('000115', 'active', 'test_user_hour_0115', 'hour', '测试用邮寄地址', 'hour0081', 0.05, 0.05, 0.03, 'phone0081', 100, 1000, 0.15, 12, 'pick_up', '测试用邮寄地址', 'unknown_bank', 'unknown_account', 'no'),
('000116', 'active', 'test_user_hour_0116', 'hour', '测试用邮寄地址', 'hour0082', 0.05, 0.05, 0.03, 'phone0082', 100, 1000, 0.15, 12, 'pick_up', '测试用邮寄地址', 'unknown_bank', 'unknown_account', 'no'),
('000117', 'active', 'test_user_hour_0117', 'hour', '测试用邮寄地址', 'hour0083', 0.05, 0.05, 0.03, 'phone0083', 100, 1000, 0.15, 12, 'pick_up', '测试用邮寄地址', 'unknown_bank', 'unknown_account', 'no'),
('000118', 'active', 'test_user_hour_0118', 'hour', '测试用邮寄地址', 'hour0084', 0.05, 0.05, 0.03, 'phone0084', 100, 1000, 0.15, 12, 'pick_up', '测试用邮寄地址', 'unknown_bank', 'unknown_account', 'no'),
('000119', 'active', 'test_user_hour_0119', 'hour', '测试用邮寄地址', 'hour0085', 0.05, 0.05, 0.03, 'phone0085', 100, 1000, 0.15, 12, 'pick_up', '测试用邮寄地址', 'unknown_bank', 'unknown_account', 'no'),
('000120', 'active', 'test_user_hour_0120', 'hour', '测试用邮寄地址', 'hour0086', 0.05, 0.05, 0.03, 'phone0086', 100, 1000, 0.15, 12, 'pick_up', '测试用邮寄地址', 'unknown_bank', 'unknown_account', 'no'),
('000121', 'active', 'test_user_hour_0121', 'hour', '测试用邮寄地址', 'hour0087', 0.05, 0.05, 0.03, 'phone0087', 100, 1000, 0.15, 12, 'pick_up', '测试用邮寄地址', 'unknown_bank', 'unknown_account', 'no'),
('000122', 'active', 'test_user_hour_0122', 'hour', '测试用邮寄地址', 'hour0088', 0.05, 0.05, 0.03, 'phone0088', 100, 1000, 0.15, 12, 'pick_up', '测试用邮寄地址', 'unknown_bank', 'unknown_account', 'no'),
('000123', 'active', 'test_user_hour_0123', 'hour', '测试用邮寄地址', 'hour0089', 0.05, 0.05, 0.03, 'phone0089', 100, 1000, 0.15, 12, 'pick_up', '测试用邮寄地址', 'unknown_bank', 'unknown_account', 'no'),
('000124', 'active', 'test_user_hour_0124', 'hour', '测试用邮寄地址', 'hour0090', 0.05, 0.05, 0.03, 'phone0090', 100, 1000, 0.15, 12, 'pick_up', '测试用邮寄地址', 'unknown_bank', 'unknown_account', 'no'),
('000125', 'active', 'test_user_hour_0125', 'hour', '测试用邮寄地址', 'hour0091', 0.05, 0.05, 0.03, 'phone0091', 100, 1000, 0.15, 12, 'pick_up', '测试用邮寄地址', 'unknown_bank', 'unknown_account', 'no'),
('000126', 'active', 'test_user_hour_0126', 'hour', '测试用邮寄地址', 'hour0092', 0.05, 0.05, 0.03, 'phone0092', 100, 1000, 0.15, 12, 'pick_up', '测试用邮寄地址', 'unknown_bank', 'unknown_account', 'no'),
('000127', 'active', 'test_user_hour_0127', 'hour', '测试用邮寄地址', 'hour0093', 0.05, 0.05, 0.03, 'phone0093', 100, 1000, 0.15, 12, 'pick_up', '测试用邮寄地址', 'unknown_bank', 'unknown_account', 'no'),
('000128', 'active', 'test_user_hour_0128', 'hour', '测试用邮寄地址', 'hour0094', 0.05, 0.05, 0.03, 'phone0094', 100, 1000, 0.15, 12, 'pick_up', '测试用邮寄地址', 'unknown_bank', 'unknown_account', 'no'),
('000129', 'active', 'test_user_hour_0129', 'hour', '测试用邮寄地址', 'hour0095', 0.05, 0.05, 0.03, 'phone0095', 100, 1000, 0.15, 12, 'pick_up', '测试用邮寄地址', 'unknown_bank', 'unknown_account', 'no'),
('000130', 'active', 'test_user_hour_0130', 'hour', '测试用邮寄地址', 'hour0096', 0.05, 0.05, 0.03, 'phone0096', 100, 1000, 0.15, 12, 'pick_up', '测试用邮寄地址', 'unknown_bank', 'unknown_account', 'no'),
('000131', 'active', 'test_user_hour_0131', 'hour', '测试用邮寄地址', 'hour0097', 0.05, 0.05, 0.03, 'phone0097', 100, 1000, 0.15, 12, 'pick_up', '测试用邮寄地址', 'unknown_bank', 'unknown_account', 'no'),
('000132', 'active', 'test_user_hour_0132', 'hour', '测试用邮寄地址', 'hour0098', 0.05, 0.05, 0.03, 'phone0098', 100, 1000, 0.15, 12, 'pick_up', '测试用邮寄地址', 'unknown_bank', 'unknown_account', 'no'),
('000133', 'active', 'test_user_hour_0133', 'hour', '测试用邮寄地址', 'hour0099', 0.05, 0.05, 0.03, 'phone0099', 100, 1000, 0.15, 12, 'pick_up', '测试用邮寄地址', 'unknown_bank', 'unknown_account', 'no'),
('000134', 'active', 'test_user_hour_0134', 'salaried', '测试用邮寄地址', 'salaried0000', 0.05, 0.05, 0.03, 'phone0000', 100, 8000, 0.15, 12, 'pick_up', '测试用邮寄地址', 'unknown_bank', 'unknown_account', 'no'),
('000135', 'active', 'test_user_hour_0135', 'salaried', '测试用邮寄地址', 'salaried0001', 0.05, 0.05, 0.03, 'phone0001', 100, 8000, 0.15, 12, 'pick_up', '测试用邮寄地址', 'unknown_bank', 'unknown_account', 'no'),
('000136', 'active', 'test_user_hour_0136', 'salaried', '测试用邮寄地址', 'salaried0002', 0.05, 0.05, 0.03, 'phone0002', 100, 8000, 0.15, 12, 'pick_up', '测试用邮寄地址', 'unknown_bank', 'unknown_account', 'no'),
('000137', 'active', 'test_user_hour_0137', 'salaried', '测试用邮寄地址', 'salaried0003', 0.05, 0.05, 0.03, 'phone0003', 100, 8000, 0.15, 12, 'pick_up', '测试用邮寄地址', 'unknown_bank', 'unknown_account', 'no'),
('000138', 'active', 'test_user_hour_0138', 'salaried', '测试用邮寄地址', 'salaried0004', 0.05, 0.05, 0.03, 'phone0004', 100, 8000, 0.15, 12, 'pick_up', '测试用邮寄地址', 'unknown_bank', 'unknown_account', 'no'),
('000139', 'active', 'test_user_hour_0139', 'salaried', '测试用邮寄地址', 'salaried0005', 0.05, 0.05, 0.03, 'phone0005', 100, 8000, 0.15, 12, 'pick_up', '测试用邮寄地址', 'unknown_bank', 'unknown_account', 'no'),
('000140', 'active', 'test_user_hour_0140', 'salaried', '测试用邮寄地址', 'salaried0006', 0.05, 0.05, 0.03, 'phone0006', 100, 8000, 0.15, 12, 'pick_up', '测试用邮寄地址', 'unknown_bank', 'unknown_account', 'no'),
('000141', 'active', 'test_user_hour_0141', 'salaried', '测试用邮寄地址', 'salaried0007', 0.05, 0.05, 0.03, 'phone0007', 100, 8000, 0.15, 12, 'pick_up', '测试用邮寄地址', 'unknown_bank', 'unknown_account', 'no'),
('000142', 'active', 'test_user_hour_0142', 'salaried', '测试用邮寄地址', 'salaried0008', 0.05, 0.05, 0.03, 'phone0008', 100, 8000, 0.15, 12, 'pick_up', '测试用邮寄地址', 'unknown_bank', 'unknown_account', 'no'),
('000143', 'active', 'test_user_hour_0143', 'salaried', '测试用邮寄地址', 'salaried0009', 0.05, 0.05, 0.03, 'phone0009', 100, 8000, 0.15, 12, 'pick_up', '测试用邮寄地址', 'unknown_bank', 'unknown_account', 'no'),
('000144', 'active', 'test_user_hour_0144', 'salaried', '测试用邮寄地址', 'salaried0010', 0.05, 0.05, 0.03, 'phone0010', 100, 8000, 0.15, 12, 'pick_up', '测试用邮寄地址', 'unknown_bank', 'unknown_account', 'no'),
('000145', 'active', 'test_user_hour_0145', 'salaried', '测试用邮寄地址', 'salaried0011', 0.05, 0.05, 0.03, 'phone0011', 100, 8000, 0.15, 12, 'pick_up', '测试用邮寄地址', 'unknown_bank', 'unknown_account', 'no'),
('000146', 'active', 'test_user_hour_0146', 'salaried', '测试用邮寄地址', 'salaried0012', 0.05, 0.05, 0.03, 'phone0012', 100, 8000, 0.15, 12, 'pick_up', '测试用邮寄地址', 'unknown_bank', 'unknown_account', 'no'),
('000147', 'active', 'test_user_hour_0147', 'salaried', '测试用邮寄地址', 'salaried0013', 0.05, 0.05, 0.03, 'phone0013', 100, 8000, 0.15, 12, 'pick_up', '测试用邮寄地址', 'unknown_bank', 'unknown_account', 'no'),
('000148', 'active', 'test_user_hour_0148', 'salaried', '测试用邮寄地址', 'salaried0014', 0.05, 0.05, 0.03, 'phone0014', 100, 8000, 0.15, 12, 'pick_up', '测试用邮寄地址', 'unknown_bank', 'unknown_account', 'no'),
('000149', 'active', 'test_user_hour_0149', 'salaried', '测试用邮寄地址', 'salaried0015', 0.05, 0.05, 0.03, 'phone0015', 100, 8000, 0.15, 12, 'pick_up', '测试用邮寄地址', 'unknown_bank', 'unknown_account', 'no'),
('000150', 'active', 'test_user_hour_0150', 'salaried', '测试用邮寄地址', 'salaried0016', 0.05, 0.05, 0.03, 'phone0016', 100, 8000, 0.15, 12, 'pick_up', '测试用邮寄地址', 'unknown_bank', 'unknown_account', 'no'),
('000151', 'active', 'test_user_hour_0151', 'salaried', '测试用邮寄地址', 'salaried0017', 0.05, 0.05, 0.03, 'phone0017', 100, 8000, 0.15, 12, 'pick_up', '测试用邮寄地址', 'unknown_bank', 'unknown_account', 'no'),
('000152', 'active', 'test_user_hour_0152', 'salaried', '测试用邮寄地址', 'salaried0018', 0.05, 0.05, 0.03, 'phone0018', 100, 8000, 0.15, 12, 'pick_up', '测试用邮寄地址', 'unknown_bank', 'unknown_account', 'no'),
('000153', 'active', 'test_user_hour_0153', 'salaried', '测试用邮寄地址', 'salaried0019', 0.05, 0.05, 0.03, 'phone0019', 100, 8000, 0.15, 12, 'pick_up', '测试用邮寄地址', 'unknown_bank', 'unknown_account', 'no'),
('000154', 'active', 'test_user_hour_0154', 'salaried', '测试用邮寄地址', 'salaried0020', 0.05, 0.05, 0.03, 'phone0020', 100, 8000, 0.15, 12, 'pick_up', '测试用邮寄地址', 'unknown_bank', 'unknown_account', 'no'),
('000155', 'active', 'test_user_hour_0155', 'salaried', '测试用邮寄地址', 'salaried0021', 0.05, 0.05, 0.03, 'phone0021', 100, 8000, 0.15, 12, 'pick_up', '测试用邮寄地址', 'unknown_bank', 'unknown_account', 'no'),
('000156', 'active', 'test_user_hour_0156', 'salaried', '测试用邮寄地址', 'salaried0022', 0.05, 0.05, 0.03, 'phone0022', 100, 8000, 0.15, 12, 'pick_up', '测试用邮寄地址', 'unknown_bank', 'unknown_account', 'no'),
('000157', 'active', 'test_user_hour_0157', 'salaried', '测试用邮寄地址', 'salaried0023', 0.05, 0.05, 0.03, 'phone0023', 100, 8000, 0.15, 12, 'pick_up', '测试用邮寄地址', 'unknown_bank', 'unknown_account', 'no'),
('000158', 'active', 'test_user_hour_0158', 'salaried', '测试用邮寄地址', 'salaried0024', 0.05, 0.05, 0.03, 'phone0024', 100, 8000, 0.15, 12, 'pick_up', '测试用邮寄地址', 'unknown_bank', 'unknown_account', 'no'),
('000159', 'active', 'test_user_hour_0159', 'salaried', '测试用邮寄地址', 'salaried0025', 0.05, 0.05, 0.03, 'phone0025', 100, 8000, 0.15, 12, 'pick_up', '测试用邮寄地址', 'unknown_bank', 'unknown_account', 'no'),
('000160', 'active', 'test_user_hour_0160', 'salaried', '测试用邮寄地址', 'salaried0026', 0.05, 0.05, 0.03, 'phone0026', 100, 8000, 0.15, 12, 'pick_up', '测试用邮寄地址', 'unknown_bank', 'unknown_account', 'no'),
('000161', 'active', 'test_user_hour_0161', 'salaried', '测试用邮寄地址', 'salaried0027', 0.05, 0.05, 0.03, 'phone0027', 100, 8000, 0.15, 12, 'pick_up', '测试用邮寄地址', 'unknown_bank', 'unknown_account', 'no'),
('000162', 'active', 'test_user_hour_0162', 'salaried', '测试用邮寄地址', 'salaried0028', 0.05, 0.05, 0.03, 'phone0028', 100, 8000, 0.15, 12, 'pick_up', '测试用邮寄地址', 'unknown_bank', 'unknown_account', 'no'),
('000163', 'active', 'test_user_hour_0163', 'salaried', '测试用邮寄地址', 'salaried0029', 0.05, 0.05, 0.03, 'phone0029', 100, 8000, 0.15, 12, 'pick_up', '测试用邮寄地址', 'unknown_bank', 'unknown_account', 'no'),
('000164', 'active', 'test_user_hour_0164', 'salaried', '测试用邮寄地址', 'salaried0000', 0.05, 0.05, 0.03, 'phone0000', 100, 8000, 0.15, 12, 'pick_up', '测试用邮寄地址', 'unknown_bank', 'unknown_account', 'no'),
('000165', 'active', 'test_user_hour_0165', 'salaried', '测试用邮寄地址', 'salaried0001', 0.05, 0.05, 0.03, 'phone0001', 100, 8000, 0.15, 12, 'pick_up', '测试用邮寄地址', 'unknown_bank', 'unknown_account', 'no'),
('000166', 'active', 'test_user_hour_0166', 'salaried', '测试用邮寄地址', 'salaried0002', 0.05, 0.05, 0.03, 'phone0002', 100, 8000, 0.15, 12, 'pick_up', '测试用邮寄地址', 'unknown_bank', 'unknown_account', 'no'),
('000167', 'active', 'test_user_hour_0167', 'salaried', '测试用邮寄地址', 'salaried0003', 0.05, 0.05, 0.03, 'phone0003', 100, 8000, 0.15, 12, 'pick_up', '测试用邮寄地址', 'unknown_bank', 'unknown_account', 'no'),
('000168', 'active', 'test_user_hour_0168', 'salaried', '测试用邮寄地址', 'salaried0004', 0.05, 0.05, 0.03, 'phone0004', 100, 8000, 0.15, 12, 'pick_up', '测试用邮寄地址', 'unknown_bank', 'unknown_account', 'no'),
('000169', 'active', 'test_user_hour_0169', 'salaried', '测试用邮寄地址', 'salaried0005', 0.05, 0.05, 0.03, 'phone0005', 100, 8000, 0.15, 12, 'pick_up', '测试用邮寄地址', 'unknown_bank', 'unknown_account', 'no'),
('000170', 'active', 'test_user_hour_0170', 'salaried', '测试用邮寄地址', 'salaried0006', 0.05, 0.05, 0.03, 'phone0006', 100, 8000, 0.15, 12, 'pick_up', '测试用邮寄地址', 'unknown_bank', 'unknown_account', 'no'),
('000171', 'active', 'test_user_hour_0171', 'salaried', '测试用邮寄地址', 'salaried0007', 0.05, 0.05, 0.03, 'phone0007', 100, 8000, 0.15, 12, 'pick_up', '测试用邮寄地址', 'unknown_bank', 'unknown_account', 'no'),
('000172', 'active', 'test_user_hour_0172', 'salaried', '测试用邮寄地址', 'salaried0008', 0.05, 0.05, 0.03, 'phone0008', 100, 8000, 0.15, 12, 'pick_up', '测试用邮寄地址', 'unknown_bank', 'unknown_account', 'no'),
('000173', 'active', 'test_user_hour_0173', 'salaried', '测试用邮寄地址', 'salaried0009', 0.05, 0.05, 0.03, 'phone0009', 100, 8000, 0.15, 12, 'pick_up', '测试用邮寄地址', 'unknown_bank', 'unknown_account', 'no'),
('000174', 'active', 'test_user_hour_0174', 'salaried', '测试用邮寄地址', 'salaried0000', 0.05, 0.05, 0.03, 'phone0000', 100, 10000, 0.15, 12, 'pick_up', '测试用邮寄地址', 'unknown_bank', 'unknown_account', 'no'),
('000175', 'active', 'test_user_hour_0175', 'salaried', '测试用邮寄地址', 'salaried0001', 0.05, 0.05, 0.03, 'phone0001', 100, 10000, 0.15, 12, 'pick_up', '测试用邮寄地址', 'unknown_bank', 'unknown_account', 'no'),
('000176', 'active', 'test_user_hour_0176', 'salaried', '测试用邮寄地址', 'salaried0002', 0.05, 0.05, 0.03, 'phone0002', 100, 10000, 0.15, 12, 'pick_up', '测试用邮寄地址', 'unknown_bank', 'unknown_account', 'no'),
('000177', 'active', 'test_user_hour_0177', 'salaried', '测试用邮寄地址', 'salaried0003', 0.05, 0.05, 0.03, 'phone0003', 100, 10000, 0.15, 12, 'pick_up', '测试用邮寄地址', 'unknown_bank', 'unknown_account', 'no'),
('000178', 'active', 'test_user_hour_0178', 'salaried', '测试用邮寄地址', 'salaried0004', 0.05, 0.05, 0.03, 'phone0004', 100, 10000, 0.15, 12, 'pick_up', '测试用邮寄地址', 'unknown_bank', 'unknown_account', 'no'),
('000179', 'active', 'test_user_hour_0179', 'salaried', '测试用邮寄地址', 'salaried0005', 0.05, 0.05, 0.03, 'phone0005', 100, 10000, 0.15, 12, 'pick_up', '测试用邮寄地址', 'unknown_bank', 'unknown_account', 'no'),
('000180', 'active', 'test_user_hour_0180', 'salaried', '测试用邮寄地址', 'salaried0006', 0.05, 0.05, 0.03, 'phone0006', 100, 10000, 0.15, 12, 'pick_up', '测试用邮寄地址', 'unknown_bank', 'unknown_account', 'no'),
('000181', 'active', 'test_user_hour_0181', 'salaried', '测试用邮寄地址', 'salaried0007', 0.05, 0.05, 0.03, 'phone0007', 100, 10000, 0.15, 12, 'pick_up', '测试用邮寄地址', 'unknown_bank', 'unknown_account', 'no'),
('000182', 'active', 'test_user_hour_0182', 'salaried', '测试用邮寄地址', 'salaried0008', 0.05, 0.05, 0.03, 'phone0008', 100, 10000, 0.15, 12, 'pick_up', '测试用邮寄地址', 'unknown_bank', 'unknown_account', 'no'),
('000183', 'active', 'test_user_hour_0183', 'salaried', '测试用邮寄地址', 'salaried0009', 0.05, 0.05, 0.03, 'phone0009', 100, 10000, 0.15, 12, 'pick_up', '测试用邮寄地址', 'unknown_bank', 'unknown_account', 'no'),
('000184', 'active', 'test_user_hour_0184', 'salaried', '测试用邮寄地址', 'salaried0010', 0.05, 0.05, 0.03, 'phone0010', 100, 10000, 0.15, 12, 'pick_up', '测试用邮寄地址', 'unknown_bank', 'unknown_account', 'no'),
('000185', 'active', 'test_user_hour_0185', 'salaried', '测试用邮寄地址', 'salaried0011', 0.05, 0.05, 0.03, 'phone0011', 100, 10000, 0.15, 12, 'pick_up', '测试用邮寄地址', 'unknown_bank', 'unknown_account', 'no'),
('000186', 'active', 'test_user_hour_0186', 'salaried', '测试用邮寄地址', 'salaried0012', 0.05, 0.05, 0.03, 'phone0012', 100, 10000, 0.15, 12, 'pick_up', '测试用邮寄地址', 'unknown_bank', 'unknown_account', 'no'),
('000187', 'active', 'test_user_hour_0187', 'salaried', '测试用邮寄地址', 'salaried0013', 0.05, 0.05, 0.03, 'phone0013', 100, 10000, 0.15, 12, 'pick_up', '测试用邮寄地址', 'unknown_bank', 'unknown_account', 'no'),
('000188', 'active', 'test_user_hour_0188', 'salaried', '测试用邮寄地址', 'salaried0014', 0.05, 0.05, 0.03, 'phone0014', 100, 10000, 0.15, 12, 'pick_up', '测试用邮寄地址', 'unknown_bank', 'unknown_account', 'no'),
('000189', 'active', 'test_user_hour_0189', 'salaried', '测试用邮寄地址', 'salaried0015', 0.05, 0.05, 0.03, 'phone0015', 100, 10000, 0.15, 12, 'pick_up', '测试用邮寄地址', 'unknown_bank', 'unknown_account', 'no'),
('000190', 'active', 'test_user_hour_0190', 'salaried', '测试用邮寄地址', 'salaried0016', 0.05, 0.05, 0.03, 'phone0016', 100, 10000, 0.15, 12, 'pick_up', '测试用邮寄地址', 'unknown_bank', 'unknown_account', 'no'),
('000191', 'active', 'test_user_hour_0191', 'salaried', '测试用邮寄地址', 'salaried0017', 0.05, 0.05, 0.03, 'phone0017', 100, 10000, 0.15, 12, 'pick_up', '测试用邮寄地址', 'unknown_bank', 'unknown_account', 'no'),
('000192', 'active', 'test_user_hour_0192', 'salaried', '测试用邮寄地址', 'salaried0018', 0.05, 0.05, 0.03, 'phone0018', 100, 10000, 0.15, 12, 'pick_up', '测试用邮寄地址', 'unknown_bank', 'unknown_account', 'no'),
('000195', 'active', '童健', 'commissioned', '北苑一公寓', '21180732', 0.05, 0.05, 0.03, '12345678', 100, 10000, 0.15, 12, 'pick_up', '北苑一公寓', 'unknown_bank', 'unknown_account', 'no'),
('000196', 'active', '童健', 'salaried', '北苑一公寓', '21180732', 0.05, 0.05, 0.03, '12345678', 100, 10000, 0.15, 12, 'pick_up', '北苑一公寓', 'unknown_bank', 'unknown_account', 'no'),
('000197', 'active', '童健', 'salaried', '北苑一公寓', '21180732', 0.05, 0.05, 0.03, '12345678', 100, 10000, 0.15, 12, 'pick_up', '北苑一公寓', 'unknown_bank', 'unknown_account', 'no'),
('000198', 'active', '童健', 'salaried', '北苑一公寓', '21180732', 0.05, 0.05, 0.03, '12345678', 100, 10000, 0.15, 12, 'pick_up', '北苑一公寓', 'unknown_bank', 'unknown_account', 'no'),
('005613', 'active', '翁创坤', 'hour', '北苑三公寓', '21180727', 0.1, 0.1, 0.1, '110', 1111, 10, 0.1, 24, 'pick_up', '北苑三公寓', 'unknown_bank', 'unknown_account', 'no');

-- --------------------------------------------------------

--
-- 表的结构 `payroll`
--

CREATE TABLE `payroll` (
  `employee_ID_begin_end` varchar(50) NOT NULL,
  `enddate` varchar(50) NOT NULL,
  `salary` float NOT NULL,
  `tax` float NOT NULL,
  `commission` float NOT NULL,
  `the401k` float NOT NULL,
  `medical` float NOT NULL,
  `getpaid` float NOT NULL
) ENGINE=InnoDB DEFAULT CHARSET=utf8;

--
-- 转存表中的数据 `payroll`
--

INSERT INTO `payroll` (`employee_ID_begin_end`, `enddate`, `salary`, `tax`, `commission`, `the401k`, `medical`, `getpaid`) VALUES
('0000012021080120210831', '20210930', 8100, 810, 100, 243, 405, 6642),
('0000022021080120210831', '20210930', 19698, 1969.8, 810, 590.93, 984.9, 16152.4),
('0000032021092020210926', '20211001', 4750, 475, 0, 475, 475, 3325),
('0000032021092720211003', '20211008', 4750, 475, 0, 475, 475, 3325),
('0000032021100420211010', '20211015', 38500, 3850, 0, 1155, 1925, 31570),
('0000042021090120210930', '20210930', 38000, 3800, 0, 1140, 1900, 31160),
('0000052021092720211003', '20211008', 950, 95, 0, 95, 95, 665),
('0000052021100420211010', '20211015', 0, 0, 0, 0, 0, 0),
('0000062021092720211003', '20211008', 0, 0, 0, 0, 0, 0),
('0000062021100420211010', '20211015', 0, 0, 0, 0, 0, 0),
('0000072021092720211003', '20211008', 0, 0, 0, 0, 0, 0),
('0000072021100420211010', '20211015', 0, 0, 0, 0, 0, 0),
('0000082021092720211003', '20211008', 0, 0, 0, 0, 0, 0),
('0000082021100420211010', '20211015', 0, 0, 0, 0, 0, 0),
('0000102021090120210930', '20210930', 8000, 800, 0, 240, 400, 6560),
('0000112021092720211003', '20211008', 0, 0, 0, 0, 0, 0),
('0000112021100420211010', '20211015', 0, 0, 0, 0, 0, 0),
('0000122021100420211010', '20211015', 0, 0, 0, 0, 0, 0),
('0000132021100420211010', '20211015', 0, 0, 0, 0, 0, 0),
('0000142021100420211010', '20211015', 0, 0, 0, 0, 0, 0),
('0000152021100420211010', '20211015', 0, 0, 0, 0, 0, 0),
('0000162021100420211010', '20211015', 0, 0, 0, 0, 0, 0),
('0000172021100420211010', '20211015', 0, 0, 0, 0, 0, 0),
('0000182021100420211010', '20211015', 0, 0, 0, 0, 0, 0),
('0000192021100420211010', '20211015', 0, 0, 0, 0, 0, 0),
('0000202021100420211010', '20211015', 0, 0, 0, 0, 0, 0),
('0000212021100420211010', '20211015', 0, 0, 0, 0, 0, 0),
('0000222021100420211010', '20211015', 0, 0, 0, 0, 0, 0),
('0000232021100420211010', '20211015', 0, 0, 0, 0, 0, 0),
('0000242021100420211010', '20211015', 0, 0, 0, 0, 0, 0),
('0000252021100420211010', '20211015', 0, 0, 0, 0, 0, 0),
('0000262021100420211010', '20211015', 0, 0, 0, 0, 0, 0),
('0000272021100420211010', '20211015', 0, 0, 0, 0, 0, 0),
('0000282021100420211010', '20211015', 0, 0, 0, 0, 0, 0),
('0000292021100420211010', '20211015', 0, 0, 0, 0, 0, 0),
('0000302021100420211010', '20211015', 0, 0, 0, 0, 0, 0),
('0000312021100420211010', '20211015', 0, 0, 0, 0, 0, 0),
('0000322021100420211010', '20211015', 0, 0, 0, 0, 0, 0),
('0000332021100420211010', '20211015', 0, 0, 0, 0, 0, 0),
('0000342021100420211010', '20211015', 0, 0, 0, 0, 0, 0),
('0000352021100420211010', '20211015', 0, 0, 0, 0, 0, 0),
('0000362021100420211010', '20211015', 0, 0, 0, 0, 0, 0),
('0000372021100420211010', '20211015', 0, 0, 0, 0, 0, 0),
('0000382021100420211010', '20211015', 0, 0, 0, 0, 0, 0),
('0000392021100420211010', '20211015', 0, 0, 0, 0, 0, 0),
('0000402021100420211010', '20211015', 0, 0, 0, 0, 0, 0),
('0000412021100420211010', '20211015', 0, 0, 0, 0, 0, 0),
('0000422021100420211010', '20211015', 0, 0, 0, 0, 0, 0),
('0000432021100420211010', '20211015', 0, 0, 0, 0, 0, 0),
('0000442021100420211010', '20211015', 0, 0, 0, 0, 0, 0),
('0000452021100420211010', '20211015', 0, 0, 0, 0, 0, 0),
('0000462021100420211010', '20211015', 0, 0, 0, 0, 0, 0),
('0000472021100420211010', '20211015', 0, 0, 0, 0, 0, 0),
('0000482021100420211010', '20211015', 0, 0, 0, 0, 0, 0),
('0000492021100420211010', '20211015', 0, 0, 0, 0, 0, 0),
('0000502021100420211010', '20211015', 0, 0, 0, 0, 0, 0),
('0000512021100420211010', '20211015', 0, 0, 0, 0, 0, 0),
('0000522021100420211010', '20211015', 0, 0, 0, 0, 0, 0),
('0000532021100420211010', '20211015', 0, 0, 0, 0, 0, 0),
('0000542021100420211010', '20211015', 0, 0, 0, 0, 0, 0),
('0000552021100420211010', '20211015', 0, 0, 0, 0, 0, 0),
('0000562021100420211010', '20211015', 0, 0, 0, 0, 0, 0),
('0000572021100420211010', '20211015', 0, 0, 0, 0, 0, 0),
('0000582021100420211010', '20211015', 0, 0, 0, 0, 0, 0),
('0000592021100420211010', '20211015', 0, 0, 0, 0, 0, 0),
('0000602021100420211010', '20211015', 0, 0, 0, 0, 0, 0),
('0000612021100420211010', '20211015', 0, 0, 0, 0, 0, 0),
('0000622021100420211010', '20211015', 0, 0, 0, 0, 0, 0),
('0000632021100420211010', '20211015', 0, 0, 0, 0, 0, 0),
('0000642021100420211010', '20211015', 0, 0, 0, 0, 0, 0),
('0000652021100420211010', '20211015', 0, 0, 0, 0, 0, 0),
('0000662021100420211010', '20211015', 0, 0, 0, 0, 0, 0),
('0000672021100420211010', '20211015', 0, 0, 0, 0, 0, 0),
('0000682021100420211010', '20211015', 0, 0, 0, 0, 0, 0),
('0000692021100420211010', '20211015', 0, 0, 0, 0, 0, 0),
('0000702021100420211010', '20211015', 0, 0, 0, 0, 0, 0),
('0000712021100420211010', '20211015', 0, 0, 0, 0, 0, 0),
('0000722021100420211010', '20211015', 0, 0, 0, 0, 0, 0),
('0000732021100420211010', '20211015', 0, 0, 0, 0, 0, 0),
('0000742021100420211010', '20211015', 0, 0, 0, 0, 0, 0),
('0000752021100420211010', '20211015', 0, 0, 0, 0, 0, 0),
('0000762021100420211010', '20211015', 0, 0, 0, 0, 0, 0),
('0000772021100420211010', '20211015', 0, 0, 0, 0, 0, 0),
('0000782021100420211010', '20211015', 0, 0, 0, 0, 0, 0),
('0000792021100420211010', '20211015', 0, 0, 0, 0, 0, 0),
('0000802021100420211010', '20211015', 0, 0, 0, 0, 0, 0),
('0000812021100420211010', '20211015', 0, 0, 0, 0, 0, 0),
('0000822021100420211010', '20211015', 0, 0, 0, 0, 0, 0),
('0000832021100420211010', '20211015', 0, 0, 0, 0, 0, 0),
('0000842021100420211010', '20211015', 0, 0, 0, 0, 0, 0),
('0000852021100420211010', '20211015', 0, 0, 0, 0, 0, 0),
('0000862021100420211010', '20211015', 0, 0, 0, 0, 0, 0),
('0000872021100420211010', '20211015', 0, 0, 0, 0, 0, 0),
('0000882021100420211010', '20211015', 0, 0, 0, 0, 0, 0),
('0000892021100420211010', '20211015', 0, 0, 0, 0, 0, 0),
('0000902021100420211010', '20211015', 0, 0, 0, 0, 0, 0),
('0000912021100420211010', '20211015', 0, 0, 0, 0, 0, 0),
('0000922021100420211010', '20211015', 0, 0, 0, 0, 0, 0),
('0000932021100420211010', '20211015', 0, 0, 0, 0, 0, 0),
('0000942021100420211010', '20211015', 0, 0, 0, 0, 0, 0),
('0000952021100420211010', '20211015', 0, 0, 0, 0, 0, 0),
('0000962021100420211010', '20211015', 0, 0, 0, 0, 0, 0),
('0000972021100420211010', '20211015', 0, 0, 0, 0, 0, 0),
('0000982021100420211010', '20211015', 0, 0, 0, 0, 0, 0),
('0000992021100420211010', '20211015', 0, 0, 0, 0, 0, 0),
('0001002021100420211010', '20211015', 0, 0, 0, 0, 0, 0),
('0001012021100420211010', '20211015', 0, 0, 0, 0, 0, 0),
('0001022021100420211010', '20211015', 0, 0, 0, 0, 0, 0),
('0001032021100420211010', '20211015', 0, 0, 0, 0, 0, 0),
('0001042021100420211010', '20211015', 0, 0, 0, 0, 0, 0),
('0001052021100420211010', '20211015', 0, 0, 0, 0, 0, 0),
('0001062021100420211010', '20211015', 0, 0, 0, 0, 0, 0),
('0001072021100420211010', '20211015', 0, 0, 0, 0, 0, 0),
('0001082021100420211010', '20211015', 0, 0, 0, 0, 0, 0),
('0001092021100420211010', '20211015', 0, 0, 0, 0, 0, 0),
('0001102021100420211010', '20211015', 0, 0, 0, 0, 0, 0),
('0001112021100420211010', '20211015', 0, 0, 0, 0, 0, 0),
('0001122021100420211010', '20211015', 0, 0, 0, 0, 0, 0),
('0001132021100420211010', '20211015', 0, 0, 0, 0, 0, 0),
('0001142021100420211010', '20211015', 0, 0, 0, 0, 0, 0),
('0001152021100420211010', '20211015', 0, 0, 0, 0, 0, 0),
('0001162021100420211010', '20211015', 0, 0, 0, 0, 0, 0),
('0001172021100420211010', '20211015', 0, 0, 0, 0, 0, 0),
('0001182021100420211010', '20211015', 0, 0, 0, 0, 0, 0),
('0001192021100420211010', '20211015', 0, 0, 0, 0, 0, 0),
('0001202021100420211010', '20211015', 0, 0, 0, 0, 0, 0),
('0001212021100420211010', '20211015', 0, 0, 0, 0, 0, 0),
('0001222021100420211010', '20211015', 0, 0, 0, 0, 0, 0),
('0001232021100420211010', '20211015', 0, 0, 0, 0, 0, 0),
('0001242021100420211010', '20211015', 0, 0, 0, 0, 0, 0),
('0001252021100420211010', '20211015', 0, 0, 0, 0, 0, 0),
('0001262021100420211010', '20211015', 0, 0, 0, 0, 0, 0),
('0001272021100420211010', '20211015', 0, 0, 0, 0, 0, 0),
('0001282021100420211010', '20211015', 0, 0, 0, 0, 0, 0),
('0001292021100420211010', '20211015', 0, 0, 0, 0, 0, 0),
('0001302021100420211010', '20211015', 0, 0, 0, 0, 0, 0),
('0001312021100420211010', '20211015', 0, 0, 0, 0, 0, 0),
('0001322021100420211010', '20211015', 0, 0, 0, 0, 0, 0),
('0001332021100420211010', '20211015', 0, 0, 0, 0, 0, 0),
('0001342021090120210930', '20210930', 8000, 400, 0, 400, 240, 6960),
('0001352021090120210930', '20210930', 8000, 400, 0, 400, 240, 6960),
('0001362021090120210930', '20210930', 8000, 400, 0, 400, 240, 6960),
('0001372021090120210930', '20210930', 8000, 400, 0, 400, 240, 6960),
('0001382021090120210930', '20210930', 8000, 400, 0, 400, 240, 6960),
('0001392021090120210930', '20210930', 8000, 400, 0, 400, 240, 6960),
('0001402021090120210930', '20210930', 8000, 400, 0, 400, 240, 6960),
('0001412021090120210930', '20210930', 8000, 400, 0, 400, 240, 6960),
('0001422021090120210930', '20210930', 8000, 400, 0, 400, 240, 6960),
('0001432021090120210930', '20210930', 8000, 400, 0, 400, 240, 6960),
('0001442021090120210930', '20210930', 8000, 400, 0, 400, 240, 6960),
('0001452021090120210930', '20210930', 8000, 400, 0, 400, 240, 6960),
('0001462021090120210930', '20210930', 8000, 400, 0, 400, 240, 6960),
('0001472021090120210930', '20210930', 8000, 400, 0, 400, 240, 6960),
('0001482021090120210930', '20210930', 8000, 400, 0, 400, 240, 6960),
('0001492021090120210930', '20210930', 8000, 400, 0, 400, 240, 6960),
('0001502021090120210930', '20210930', 8000, 400, 0, 400, 240, 6960),
('0001512021090120210930', '20210930', 8000, 400, 0, 400, 240, 6960),
('0001522021090120210930', '20210930', 8000, 400, 0, 400, 240, 6960),
('0001532021090120210930', '20210930', 8000, 400, 0, 400, 240, 6960),
('0001542021090120210930', '20210930', 8000, 400, 0, 400, 240, 6960),
('0001552021090120210930', '20210930', 8000, 400, 0, 400, 240, 6960),
('0001562021090120210930', '20210930', 8000, 400, 0, 400, 240, 6960),
('0001572021090120210930', '20210930', 8000, 400, 0, 400, 240, 6960),
('0001582021090120210930', '20210930', 8000, 400, 0, 400, 240, 6960),
('0001592021090120210930', '20210930', 8000, 400, 0, 400, 240, 6960),
('0001602021090120210930', '20210930', 8000, 400, 0, 400, 240, 6960),
('0001612021090120210930', '20210930', 8000, 400, 0, 400, 240, 6960),
('0001622021090120210930', '20210930', 8000, 400, 0, 400, 240, 6960),
('0001632021090120210930', '20210930', 8000, 400, 0, 400, 240, 6960),
('0001642021090120210930', '20210930', 8000, 400, 0, 400, 240, 6960),
('0001652021090120210930', '20210930', 8000, 400, 0, 400, 240, 6960),
('0001662021090120210930', '20210930', 8000, 400, 0, 400, 240, 6960),
('0001672021090120210930', '20210930', 8000, 400, 0, 400, 240, 6960),
('0001682021090120210930', '20210930', 8000, 400, 0, 400, 240, 6960),
('0001692021090120210930', '20210930', 8000, 400, 0, 400, 240, 6960),
('0001702021090120210930', '20210930', 8000, 400, 0, 400, 240, 6960),
('0001712021090120210930', '20210930', 8000, 400, 0, 400, 240, 6960),
('0001722021090120210930', '20210930', 8000, 400, 0, 400, 240, 6960),
('0001732021090120210930', '20210930', 8000, 400, 0, 400, 240, 6960),
('0056132021100420211010', '20211015', 0, 0, 0, 0, 0, 0);

-- --------------------------------------------------------

--
-- 表的结构 `project_management_database`
--

CREATE TABLE `project_management_database` (
  `charge_number` varchar(50) NOT NULL,
  `charge_item` varchar(50) NOT NULL
) ENGINE=InnoDB DEFAULT CHARSET=utf8;

--
-- 转存表中的数据 `project_management_database`
--

INSERT INTO `project_management_database` (`charge_number`, `charge_item`) VALUES
('V0000', '旷工'),
('A0001', '软件工程课程设计'),
('A0002', '编译原理课程设计'),
('A0003', '数据库课程设计'),
('A0004', '网页设计与网站建设课程设计'),
('A0005', '机器学习课程设计'),
('C0001', '食品采购'),
('C0002', '生活用品采购'),
('C0003', '教材采购'),
('C0004', '体育用品采购'),
('C0005', '药品采购'),
('H0001', '搬运货物'),
('H0002', '地面清洁'),
('H0003', '物流运输'),
('H0004', '快递代取'),
('H0005', '食品准备'),
('S0001', 'C++课程设计'),
('S0002', 'Python课程设计'),
('S0003', 'Java课程设计'),
('S0004', 'C#课程设计'),
('V0001', '病假'),
('V0002', '事假'),
('V0003', '公休');

-- --------------------------------------------------------

--
-- 表的结构 `properties`
--

CREATE TABLE `properties` (
  `link_test` int(11) NOT NULL,
  `employee_counter` int(11) NOT NULL
) ENGINE=InnoDB DEFAULT CHARSET=utf8;

--
-- 转存表中的数据 `properties`
--

INSERT INTO `properties` (`link_test`, `employee_counter`) VALUES
(1, 5616);

-- --------------------------------------------------------

--
-- 表的结构 `purchase_orders`
--

CREATE TABLE `purchase_orders` (
  `order_ID` varchar(50) NOT NULL,
  `employee_ID` varchar(50) NOT NULL,
  `customer_point_of_contact` varchar(50) NOT NULL,
  `customer_billing_address` varchar(50) NOT NULL,
  `products_purchased` varchar(50) NOT NULL,
  `sale` float NOT NULL,
  `date` varchar(50) NOT NULL
) ENGINE=InnoDB DEFAULT CHARSET=utf8;

--
-- 转存表中的数据 `purchase_orders`
--

INSERT INTO `purchase_orders` (`order_ID`, `employee_ID`, `customer_point_of_contact`, `customer_billing_address`, `products_purchased`, `sale`, `date`) VALUES
('00000120210802160137', '000001', '计算机楼', '北苑一公寓', 'Yichuan机械键盘', 100, '20210803'),
('00000120210802160507', '000001', '计算机楼', '北苑一公寓', 'Yichuan机械键盘', 100, '20210821'),
('00000120210802161120', '000001', '计算机楼', '北苑一公寓', 'Yichuan机箱', 100, '20210825'),
('00000120210802171057', '000001', '计算机楼', '鼎新图书馆', 'Yichuan墨镜', 100, '20210825'),
('00000120211002160137', '000001', '计算机楼', '北苑一公寓', 'Yichuan机械键盘', 100, '20211003'),
('00000120211002160507', '000001', '计算机楼', '北苑一公寓', 'Yichuan机械键盘', 100, '20211021'),
('00000120211002161120', '000001', '计算机楼', '北苑一公寓', 'Yichuan机箱', 100, '20211025'),
('00000120211002171057', '000001', '计算机楼', '鼎新图书馆', 'Yichuan墨镜', 100, '20211025'),
('00000120211002171134', '000001', '计算机楼', '北苑一公寓', '普通键盘', 10.01, '20210903'),
('00000120211005233746', '000001', '李四光楼', '欧亚大卖场', 'iPhone20', 19000, '20211006'),
('00000120211005233941', '000001', '李四光楼', '欧亚大卖场', '手机', 1800, '20211006'),
('00000120211005234042', '000001', '计算机楼', '日新楼', 'iPad配件 100个', 100, '20211025'),
('00000120211005234428', '000001', '计算机楼', '日新楼', 'iPad配件 100个', 100, '20211025'),
('00000120211005234546', '000001', '南苑一公寓', '经信教学楼', '手机配件', 15, '20211007'),
('00000120211005235855', '000001', '南苑九公寓', '宋志平体育馆', '篮球', 100, '20211111'),
('00000120211006194623', '000001', '计算机楼', '日新楼', 'iPad配件 100个', 100.9, '20211025'),
('00000120211006194708', '000001', '计算机楼', '日新楼', 'iPad配件 100个', 100.9, '20221025'),
('00000120211006195955', '000001', '计算机楼', '日新楼', 'iPad配件 100个', 100.9, '20220125'),
('00000120211006200729', '000001', '计算机楼', '日新楼', 'iPad配件 100个', 100.9, '20220129'),
('00000120211006212444', '000001', '日新楼', '计算机楼', '鼠标垫', 12, '20221212'),
('00000120211006214434', '000001', '日新楼', '计算机楼', '鼠标', 12, '20221012'),
('00000120211006223347', '000001', '计算机楼', '日新楼', 'iPad配件 100个', 100.9, '20220329'),
('00000120211009153242', '000001', '计算机楼', '计算机楼', '此订单是课上测试用', 2000, '20211025'),
('00000120211012233203', '000001', '日新楼', '欸新楼', '可口可乐', 3, '20211013'),
('00000220210802160137', '000002', '计算机楼', '北苑一公寓', 'Yichuan机械键盘', 100, '20210803'),
('00000220210802160144', '000002', '计算机楼', '北苑一公寓', 'Yichuan机械键盘', 100, '20210803'),
('00000220210802160507', '000002', '计算机楼', '北苑一公寓', 'Yichuan机械键盘', 100, '20210821'),
('00000220210802160522', '000002', '计算机楼', '北苑一公寓', 'Yichuan机械键盘', 100, '20210921'),
('00000220210802161112', '000002', '计算机楼', '北苑一公寓', '华硕路由器', 600, '20210925'),
('00000220210802161120', '000002', '计算机楼', '北苑一公寓', '华硕路由器', 600, '20210825'),
('00000220210802171057', '000002', '计算机楼', '鼎新图书馆', '统一方便面', 1000, '20210825'),
('00000220210902160137', '000002', '计算机楼', '北苑一公寓', 'Yichuan机械键盘', 100, '20210803'),
('00000220210902160507', '000002', '计算机楼', '北苑一公寓', 'Yichuan机械键盘', 100, '20210821'),
('00000220210902161120', '000002', '计算机楼', '北苑一公寓', '华硕路由器', 600, '20210825'),
('00000220211002160137', '000002', '计算机楼', '北苑一公寓', 'Yichuan机械键盘', 100, '20211003'),
('00000220211002160138', '000002', '计算机楼', '北苑一公寓', 'Yichuan机械键盘 x 10', 800, '20211003'),
('00000220211002160139', '000002', '计算机楼', '北苑一公寓', '干炒牛河', 15, '20211003'),
('00000220211002160150', '000002', '计算机楼', '北苑一公寓', '干炒牛河', 15, '20211003'),
('00000220211002160151', '000002', '计算机楼', '北苑一公寓', '干炒牛河', 15, '20211007'),
('00000220211002160152', '000002', '计算机楼', '北苑一公寓', '干炒牛河', 15, '20210928'),
('00000220211002160153', '000002', '计算机楼', '北苑一公寓', '很多 干炒牛河', 1500, '20210920'),
('00000220211009143211', '000002', '计算机楼', '日新楼', '日用品', 1000, '20220329'),
('00000220211009143352', '000002', '计算机楼', '日新楼', '日用品', 1000, '20220329'),
('00000220211009143614', '000002', '计算机楼', '日新楼', '日用品', 1000, '20220329'),
('00000220211009143858', '000002', '计算机楼', '日新楼', '日用品', 1000, '20220329'),
('00561520211013164454', '005615', '5615测试', '5615测试', '5615测试', 1234, '20211201');

-- --------------------------------------------------------

--
-- 表的结构 `timecards`
--

CREATE TABLE `timecards` (
  `employee_ID_date` varchar(50) NOT NULL,
  `charge_number` varchar(50) NOT NULL,
  `work_hour` float NOT NULL
) ENGINE=InnoDB DEFAULT CHARSET=utf8;

--
-- 转存表中的数据 `timecards`
--

INSERT INTO `timecards` (`employee_ID_date`, `charge_number`, `work_hour`) VALUES
('00000120211001', 'A0001', 12),
('00000120211002', 'A0001', 10),
('00000120211003', 'A0001', 10),
('00000120211004', 'A0001', 10),
('00000120211005', 'A0001', 10),
('00000120211006', 'A0001', 12),
('00000120211007', 'A0001', 12),
('00000120211008', 'A0001', 11),
('00000120211009', 'C0002', 1),
('00000120211010', 'C0002', 1),
('00000120211011', 'S0001', 11),
('00000120211012', 'C0003', 10),
('00000120211013', 'S0001', 8),
('00000120211014', 'V0001', 12),
('00000120211015', 'V0001', 12),
('00000120211016', 'V0002', 12),
('00000120211017', 'A0001', 8),
('00000120211018', 'A0001', 8),
('00000120211019', 'A0001', 8),
('00000120211020', 'A0002', 8),
('00000120211021', 'A0003', 8),
('00000120211022', 'A0005', 8),
('00000120211023', 'C0002', 8),
('00000120211024', 'A0005', 8),
('00000120211025', 'C0004', 8),
('00000120211026', 'C0001', 8),
('00000120211027', 'A0003', 8),
('00000120211028', 'C0001', 8),
('00000120211029', 'A0004', 8),
('00000120211030', 'C0001', 8),
('00000120211031', 'A0003', 8),
('00000220211001', 'A0004', 2),
('00000220211002', 'A0001', 0),
('00000220211003', 'A0002', 0),
('00000220211004', 'A0003', 0),
('00000220211005', 'A0004', 0),
('00000220211006', 'A0005', 0),
('00000220211007', 'C0002', 0),
('00000220211008', 'A0002', 0),
('00000220211009', 'A0003', 0),
('00000220211010', 'A0003', 0),
('00000220211011', 'A0001', 0),
('00000220211012', 'A0002', 0),
('00000220211013', 'A0001', 1),
('00000220211014', 'V0000', 0),
('00000220211015', 'A0001', 0),
('00000220211016', 'A0001', 0),
('00000220211017', 'C0001', 0),
('00000220211018', 'A0002', 0),
('00000220211019', 'A0004', 0),
('00000220211020', 'A0003', 0),
('00000220211021', 'A0003', 0),
('00000220211022', 'A0002', 0),
('00000220211023', 'A0003', 0),
('00000220211024', 'A0002', 0),
('00000220211025', 'A0005', 0),
('00000220211026', 'A0002', 0),
('00000220211027', 'A0004', 0),
('00000220211028', 'A0004', 0),
('00000220211029', 'C0001', 0),
('00000220211030', 'C0003', 0),
('00000220211031', 'C0004', 0),
('00000320211004', 'A0001', 10),
('00000320211005', 'A0002', 10),
('00000320211006', 'A0003', 10),
('00000320211007', 'H0001', 10),
('00000320211008', 'H0002', 10),
('00000320211009', 'H0003', 10),
('00000320211010', 'A0001', 10),
('00000320211011', 'A0001', 0),
('00000320211012', 'A0002', 0),
('00000320211013', 'A0003', 1),
('00000320211014', 'A0004', 0),
('00000320211015', 'A0005', 0),
('00000320211016', 'H0001', 0),
('00000320211017', 'H0002', 0),
('00004020211011', 'A0002', 10),
('00004020211012', 'A0003', 5),
('00004020211013', 'A0004', 2),
('00004020211014', 'A0003', 4),
('00004020211015', 'A0004', 5),
('00004020211016', 'A0002', 6),
('00004020211017', 'A0004', 7);

-- --------------------------------------------------------

--
-- 表的结构 `user_info`
--

CREATE TABLE `user_info` (
  `employee_ID` varchar(50) NOT NULL,
  `password` varchar(50) NOT NULL,
  `authority` varchar(50) NOT NULL
) ENGINE=InnoDB DEFAULT CHARSET=utf8;

--
-- 转存表中的数据 `user_info`
--

INSERT INTO `user_info` (`employee_ID`, `password`, `authority`) VALUES
('000000', 'zhangyichuan', 'PA'),
('000001', 'zhangyichuan', 'E'),
('000002', '1', 'E'),
('000003', 'xiangfuxiong', 'E'),
('000004', 'luobeilin', 'E'),
('000005', '000005', 'E'),
('000006', '000006', 'E'),
('000007', '000007', 'E'),
('000008', '000008', 'E'),
('000009', '1', 'PA'),
('000010', '000010', 'E'),
('000011', '000011', 'E'),
('000012', '000012', 'E'),
('000013', '000013', 'E'),
('000014', '000014', 'E'),
('000015', '000015', 'E'),
('000016', '000016', 'E'),
('000017', '000017', 'E'),
('000018', '000018', 'E'),
('000019', '000019', 'E'),
('000020', '000020', 'E'),
('000021', '000021', 'E'),
('000022', '000022', 'E'),
('000023', '000023', 'E'),
('000024', '000024', 'E'),
('000025', '000025', 'E'),
('000026', '000026', 'E'),
('000027', '000027', 'E'),
('000028', '000028', 'E'),
('000029', '000029', 'E'),
('000030', '000030', 'E'),
('000031', '000031', 'E'),
('000032', '000032', 'E'),
('000033', '000033', 'E'),
('000034', '000034', 'E'),
('000035', '000035', 'E'),
('000036', '000036', 'E'),
('000037', '000037', 'E'),
('000038', '000038', 'E'),
('000039', '000039', 'E'),
('000040', '000040', 'E'),
('000041', '000041', 'E'),
('000042', '000042', 'E'),
('000043', '000043', 'E'),
('000044', '000044', 'E'),
('000045', '000045', 'E'),
('000046', '000046', 'E'),
('000047', '000047', 'E'),
('000048', '000048', 'E'),
('000049', '000049', 'E'),
('000050', '000050', 'E'),
('000051', '000051', 'E'),
('000052', '000052', 'E'),
('000053', '000053', 'E'),
('000054', '000054', 'E'),
('000055', '000055', 'E'),
('000056', '000056', 'E'),
('000057', '000057', 'E'),
('000058', '000058', 'E'),
('000059', '000059', 'E'),
('000060', '000060', 'E'),
('000061', '000061', 'E'),
('000062', '000062', 'E'),
('000063', '000063', 'E'),
('000064', '000064', 'E'),
('000065', '000065', 'E'),
('000066', '000066', 'E'),
('000067', '000067', 'E'),
('000068', '000068', 'E'),
('000069', '000069', 'E'),
('000070', '000070', 'E'),
('000071', '000071', 'E'),
('000072', '000072', 'E'),
('000073', '000073', 'E'),
('000074', '000074', 'E'),
('000075', '000075', 'E'),
('000076', '000076', 'E'),
('000077', '000077', 'E'),
('000078', '000078', 'E'),
('000079', '000079', 'E'),
('000080', '000080', 'E'),
('000081', '000081', 'E'),
('000082', '000082', 'E'),
('000083', '000083', 'E'),
('000084', '000084', 'E'),
('000085', '000085', 'E'),
('000086', '000086', 'E'),
('000087', '000087', 'E'),
('000088', '000088', 'E'),
('000089', '000089', 'E'),
('000090', '000090', 'E'),
('000091', '000091', 'E'),
('000092', '000092', 'E'),
('000093', '000093', 'E'),
('000094', '000094', 'E'),
('000095', '000095', 'E'),
('000096', '000096', 'E'),
('000097', '000097', 'E'),
('000098', '000098', 'E'),
('000099', '000099', 'E'),
('000100', '000100', 'E'),
('000101', '000101', 'E'),
('000102', '000102', 'E'),
('000103', '000103', 'E'),
('000104', '000104', 'E'),
('000105', '000105', 'E'),
('000106', '000106', 'E'),
('000107', '000107', 'E'),
('000108', '000108', 'E'),
('000109', '000109', 'E'),
('000110', '000110', 'E'),
('000111', '000111', 'E'),
('000112', '000112', 'E'),
('000113', '000113', 'E'),
('000114', '000114', 'E'),
('000115', '000115', 'E'),
('000116', '000116', 'E'),
('000117', '000117', 'E'),
('000118', '000118', 'E'),
('000119', '000119', 'E'),
('000120', '000120', 'E'),
('000121', '000121', 'E'),
('000122', '000122', 'E'),
('000123', '000123', 'E'),
('000124', '000124', 'E'),
('000125', '000125', 'E'),
('000126', '000126', 'E'),
('000127', '000127', 'E'),
('000128', '000128', 'E'),
('000129', '000129', 'E'),
('000130', '000130', 'E'),
('000131', '000131', 'E'),
('000132', '000132', 'E'),
('000133', '000133', 'E'),
('000134', '000134', 'E'),
('000135', '000135', 'E'),
('000136', '000136', 'E'),
('000137', '000137', 'E'),
('000138', '000138', 'E'),
('000139', '000139', 'E'),
('000140', '000140', 'E'),
('000141', '000141', 'E'),
('000142', '000142', 'E'),
('000143', '000143', 'E'),
('000144', '000144', 'E'),
('000145', '000145', 'E'),
('000146', '000146', 'E'),
('000147', '000147', 'E'),
('000148', '000148', 'E'),
('000149', '000149', 'E'),
('000150', '000150', 'E'),
('000151', '000151', 'E'),
('000152', '000152', 'E'),
('000153', '000153', 'E'),
('000154', '000154', 'E'),
('000155', '000155', 'E'),
('000156', '000156', 'E'),
('000157', '000157', 'E'),
('000158', '000158', 'E'),
('000159', '000159', 'E'),
('000160', '000160', 'E'),
('000161', '000161', 'E'),
('000162', '000162', 'E'),
('000163', '000163', 'E'),
('000164', '000164', 'E'),
('000165', '000165', 'E'),
('000166', '000166', 'E'),
('000167', '000167', 'E'),
('000168', '000168', 'E'),
('000169', '000169', 'E'),
('000170', '000170', 'E'),
('000171', '000171', 'E'),
('000172', '000172', 'E'),
('000173', '000173', 'E'),
('000174', '000174', 'E'),
('000175', '000175', 'E'),
('000176', '000176', 'E'),
('000177', '000177', 'E'),
('000178', '000178', 'E'),
('000179', '000179', 'E'),
('000180', '000180', 'E'),
('000181', '000181', 'E'),
('000182', '000182', 'E'),
('000183', '000183', 'E'),
('000184', '000184', 'E'),
('000185', '000185', 'E'),
('000186', '000186', 'E'),
('000187', '000187', 'E'),
('000188', '000188', 'E'),
('000189', '000189', 'E'),
('000190', '000190', 'E'),
('000191', '000191', 'E'),
('000192', '000192', 'E'),
('000195', '000195', 'E'),
('000196', '000196', 'E'),
('000197', '000197', 'E'),
('000198', '000198', 'E'),
('005613', '005613', 'E');

--
-- 转储表的索引
--

--
-- 表的索引 `employee_info`
--
ALTER TABLE `employee_info`
  ADD PRIMARY KEY (`employee_ID`);

--
-- 表的索引 `payroll`
--
ALTER TABLE `payroll`
  ADD PRIMARY KEY (`employee_ID_begin_end`);

--
-- 表的索引 `properties`
--
ALTER TABLE `properties`
  ADD PRIMARY KEY (`link_test`);

--
-- 表的索引 `purchase_orders`
--
ALTER TABLE `purchase_orders`
  ADD PRIMARY KEY (`order_ID`);

--
-- 表的索引 `timecards`
--
ALTER TABLE `timecards`
  ADD PRIMARY KEY (`employee_ID_date`);

--
-- 表的索引 `user_info`
--
ALTER TABLE `user_info`
  ADD PRIMARY KEY (`employee_ID`);
COMMIT;

/*!40101 SET CHARACTER_SET_CLIENT=@OLD_CHARACTER_SET_CLIENT */;
/*!40101 SET CHARACTER_SET_RESULTS=@OLD_CHARACTER_SET_RESULTS */;
/*!40101 SET COLLATION_CONNECTION=@OLD_COLLATION_CONNECTION */;
